ISU,ФИО,Группа,GitHub,Лабораторные,,,,Итог
,,,,"Лабораторная работа №1 - Основы языка C. Циклы, условия, функции, структуры",,Экзамен,,
,,,,Балл,Дата,Балл,Дата,
558392,Аксарин Егор Владимирович,ИИИ-1-АиСД-1.1,axarinegor,,,,,0
561074,Алиев Умар Алиевич,ИИИ-1-АиСД-1.1,Dag05-Ahily,,,,,0
558404,Гваджава Максим Тариелович,ИИИ-1-АиСД-1.1,reven239,,,,,0
558812,Глинко Иван Антонович,ИИИ-1-АиСД-1.1,vanek5267,,,,,0
398253,Ежов Кирилл Дмитриевич,ИИИ-1-АиСД-1.1,Jvilbr,,,,,0
558703,Жук Александр Романович,ИИИ-1-АиСД-1.1,AleksandrZhuck,,,,,0
558386,Копоров Артём Павлович,ИИИ-1-АиСД-1.1,ArtemKoporov,,,,,0
558402,Королев Александр Юрьевич,ИИИ-1-АиСД-1.1,AlekCore,,,,,0
561850,Кочуров Даниил Дмитриевич,ИИИ-1-АиСД-1.1,kochurovdaniil95-gif,,,,,0
562054,Левин Никита Александрович,ИИИ-1-АиСД-1.1,nekitlll,,,,,0
561091,Литвинов Александр Дмитриевич,ИИИ-1-АиСД-1.1,lit-axily,,,,,0
561776,Малачинский Александр Сергеевич,ИИИ-1-АиСД-1.1,vvweeknd,,,,,0
558444,Малыгина Дарья Витальевна,ИИИ-1-АиСД-1.1,whiteb00x,,,,,0
561990,Наумов Александр Олегович,ИИИ-1-АиСД-1.1,wwwshka,,,,,0
561588,Никульзина Виктория Олеговна,ИИИ-1-АиСД-1.1,nikulzyv-boop,,,,,0
561099,Обухов Елисей Валерьевич,ИИИ-1-АиСД-1.1,Deir11,,,,,0
499097,Ореховский Максим Евгеньевич,ИИИ-1-АиСД-1.1,orehovskijmaksim3-source,,,,,0
561142,Осинин Иоанн Юрьевич,ИИИ-1-АиСД-1.1,Tuz0ff,,,,,0
558825,Сериков Владислав Александрович,ИИИ-1-АиСД-1.1,Dasteris,,,,,0
559102,Ситников Дмитрий Алексеевич,ИИИ-1-АиСД-1.1,dirtop999,,,,,0
562082,Фурсов Егор Валерьевич,ИИИ-1-АиСД-1.1,Bumigan08,,,,,0
558631,Хомякова Ирина Александровна,ИИИ-1-АиСД-1.1,r1naa0,,,,,0
561338,Шипицын Сергей Аркадьевич,ИИИ-1-АиСД-1.1,sergei662,,,,,0
559121,Юстус Ян Витальевич,ИИИ-1-АиСД-1.1,duxbslc,,,,,0
561113,Александровский Рон Михайлович,ИИИ-1-АиСД-1.2,uron168,,,,,0
561112,Анисимов Тимофей Витальевич,ИИИ-1-АиСД-1.2,rrawskl,3,20.09.2026,,,3
561589,Балабанцев Николай Юрьевич,ИИИ-1-АиСД-1.2,balabanskiy82-del,,,,,0
561476,Бондаревский Андрей Александрович,ИИИ-1-АиСД-1.2,andybondarevskiy-rgb,,,,,0
562004,Быкова София Андреевна,ИИИ-1-АиСД-1.2,sonnnyaA,,,,,0
558682,Васин Ярослав Евгеньевич,ИИИ-1-АиСД-1.2,Va-Ya,,,,,0
558680,Гайсин Рустам Альбертович,ИИИ-1-АиСД-1.2,aloha-rustam,,,,,0
561473,Галимов Давид Викторович,ИИИ-1-АиСД-1.2,Davincheski,,,,,0
558869,Деккер Диана Александровна,ИИИ-1-АиСД-1.2,dirry-creator,3,15.09.2026,,,3
399274,Деменева Юлия Андреевна,ИИИ-1-АиСД-1.2,judem19,3,18.09.2026,,,3
558391,Дунаев Иван Сергеевич,ИИИ-1-АиСД-1.2,ivan-dunaev-ml,3,14.09.2026,,,3
558890,Ефимов Михаил Дмитриевич,ИИИ-1-АиСД-1.2,bsorption,,,,,0
558570,Козлова Анастасия Алексеевна,ИИИ-1-АиСД-1.2,krokazavr2008-crypto,,,,,0
558811,Колесник Владимир Вартанович,ИИИ-1-АиСД-1.2,aranzabala,3,21.09.2026,,,3
561942,Котова Полина Геннадьевна,ИИИ-1-АиСД-1.2,polykotova01-ui,,,,,0
561482,Кузнецов Константин Дмитриевич,ИИИ-1-АиСД-1.2,handoss08-lab,,,,,0
561365,Леви Виктория Владиславовна,ИИИ-1-АиСД-1.2,nellyam123,,,,,0
562006,Ледовских Елена Ильинична,ИИИ-1-АиСД-1.2,Elenaice,,,,,0
501854,Мясникова Софья Кирилловна,ИИИ-1-АиСД-1.2,SofiaMiasnikova,,,,,0
559123,Опарин Евгений Юрьевич,ИИИ-1-АиСД-1.2,Evgeni-ai,,,,,0
558426,Семенов Никита Витальевич,ИИИ-1-АиСД-1.2,Minktes,,,,,0
558396,Тютрин Тимур Михайлович,ИИИ-1-АиСД-1.2,BongAchiver,,,,,0
558572,Фазуллин Карим Ильхамович,ИИИ-1-АиСД-1.2,Shelpess,3,16.09.2026,,,3
562153,Шаталин Артём Александрович,ИИИ-1-АиСД-1.2,shatya36,,,,,0
558523,Андреев Иван Сергеевич,ИИИ-1-АиСД-1.3,AIvan546,,,,,0
501689,Архипов Иван Васильевич,ИИИ-1-АиСД-1.3,ZIFtek,,,,,0
558399,Афанасенко Арсений Михайлович,ИИИ-1-АиСД-1.3,afang2341,,,,,0
558525,Ахметгареев Михаил Александрович,ИИИ-1-АиСД-1.3,MihailAhmetgareev,,,,,0
463213,Бурцев Александр Максимович,ИИИ-1-АиСД-1.3,paggyzy,,,,,0
562151,Буряченко Мария Евгеньевна,ИИИ-1-АиСД-1.3,domiciana08,,,,,0
558536,Гайдин Никита Олегович,ИИИ-1-АиСД-1.3,skam1x,,,,,0
561557,Демешин Андрей Александрович,ИИИ-1-АиСД-1.3,GovernmentInquisitor,,,,,0
558497,Евсин Никита Олегович,ИИИ-1-АиСД-1.3,N1ckLarTick,,,,,0
558422,Емелёв Никита Сергеевич,ИИИ-1-АиСД-1.3,nikita-qwer12,,,,,0
558381,Завертан Михаил Алексеевич,ИИИ-1-АиСД-1.3,Mikh08,,,,,0
456109,Иванова Екатерина Денисовна,ИИИ-1-АиСД-1.3,kadeza12,,,,,0
558372,Куракин Владислав Евгеньевич,ИИИ-1-АиСД-1.3,Pandadark12,,,,,0
558930,Ладоха Матвей Антонович,ИИИ-1-АиСД-1.3,Wernidom,,,,,0
561907,Малинин Владислав Дмитриевич,ИИИ-1-АиСД-1.3,VladislavM-3101,,,,,0
561839,Мамедов Джамал Бабек оглы,ИИИ-1-АиСД-1.3,JamalD1,,,,,0
561116,Мозговец Алиса Александровна,ИИИ-1-АиСД-1.3,mozgovetsaa-ui,,,,,0
561722,Наумова Татьяна Михайловна,ИИИ-1-АиСД-1.3,syarnik,,,,,0
562065,Соколов Макар Вячеславович,ИИИ-1-АиСД-1.3,Smakar1,,,,,0
561115,Соколовский Артём Николаевич,ИИИ-1-АиСД-1.3,SokArtem,,,,,0
561114,Сычев Дмитрий Олегович,ИИИ-1-АиСД-1.3,sychev-dm,,,,,0
561329,Толстых Кирилл Андреевич,ИИИ-1-АиСД-1.3,qqshka27,,,,,0
561686,Фиге Яна Евгеньевна,ИИИ-1-АиСД-1.3,yanka23,,,,,0
558383,Шапошников Никита Вячеславович,ИИИ-1-АиСД-1.3,magaoutside,,,,,0
558240,Шитиков Дмитрий Александрович,ИИИ-1-АиСД-1.3,Dmitriyiy,,,,,0
561432,Баталова Яна Алексеевна,ИИИ-1-АиСД-1.4,lliyr,,,,,0
558670,Биктимирова Диана Артуровна,ИИИ-1-АиСД-1.4,deshkabro,3,20.09.2026,,,3
558929,Буторин Андрей Сергеевич,ИИИ-1-АиСД-1.4,Shebarator,3,14.09.2026,,,3
501608,Валеев Юрий Денисович,ИИИ-1-АиСД-1.4,wealect,,,,,0
558987,Васильева Зинаида Павловна,ИИИ-1-АиСД-1.4,ZinaidaV,,,,,0
560977,Генделев Марк Валерьевич,ИИИ-1-АиСД-1.4,amazonboots,,,,,0
559112,Демьянков Роман Андреевич,ИИИ-1-АиСД-1.4,romadisiskin-ops,,,,,0
561139,Дорофеев Владимир Сергеевич,ИИИ-1-АиСД-1.4,89219660352vd-web,,,,,0
559076,Ибадуллаев Рахман Намикович,ИИИ-1-АиСД-1.4,rakhman-ibadullaev,3,21.09.2026,,,3
562095,Кадыгров Павел Владиславович,ИИИ-1-АиСД-1.4,quantickr,3,21.09.2026,,,3
561744,Касас Хименес Карлос Дерек ,ИИИ-1-АиСД-1.4,dereckcasas,,,,,0
398196,Колесов Александр Васильевич,ИИИ-1-АиСД-1.4,alex60767,4,16.09.2026,,,4
498949,Короткова Анна Владимировна,ИИИ-1-АиСД-1.4,anieCookie,3,14.09.2026,,,3
558542,Куклин Тимофей Дмитриевич,ИИИ-1-АиСД-1.4,stardew218,,,,,0
561117,Лоськов Кирилл Сергеевич,ИИИ-1-АиСД-1.4,dzarikkk,3,21.09.2026,,,3
558643,Поляков Ярослав Сергеевич,ИИИ-1-АиСД-1.4,Y9paAtWork,3,21.09.2026,,,3
558397,Сологуб Юрий Константинович,ИИИ-1-АиСД-1.4,ubica1,3,14.09.2026,,,3
561687,Ташлыков Герман Ильич,ИИИ-1-АиСД-1.4,gerchaps,,,,,0
558382,Терентьев Ярослав Никитович,ИИИ-1-АиСД-1.4,Kaelthasss,3,14.09.2026,,,3
561257,Тищенко Дмитрий Евгеньевич,ИИИ-1-АиСД-1.4,diestru,,,,,0
558453,Фрейдлин Владислав Николаевич,ИИИ-1-АиСД-1.4,vladislav-freidlin,,,,,0
558134,Хисматуллин Ильфат Ильнурович,ИИИ-1-АиСД-1.4,Izek1234,,,,,0
561916,Чивилев Тимофей Романович,ИИИ-1-АиСД-1.4,T1mafey,3,14.09.2026,,,3
561023,Швед Платон Дмитриевич,ИИИ-1-АиСД-1.4,ozarnichok,,,,,0
561590,Юшманов Тимофей Иванович,ИИИ-1-АиСД-1.4,yushiikk,3,12.09.2026,,,3
562044,Алексеев Кирилл Кириллович,ИИИ-1-АиСД-2.1,m4ryjan3,3,17.09.2026,,,3
562036,Белогорцева Луиза Александровна,ИИИ-1-АиСД-2.1,whirlwindJormungandr,,,,,0
562068,Березовский Матвей Алексеевич,ИИИ-1-АиСД-2.1,RWM-byte,3,16.09.2026,,,3
561723,Богачев Даниил Максимович,ИИИ-1-АиСД-2.1,daniilbogachevv,,,,,0
561494,Вагнер Виктория Владимировна,ИИИ-1-АиСД-2.1,vikavag,,,,,0
558999,Валов Андрей Евгеньевич,ИИИ-1-АиСД-2.1,Andrey505,3,16.09.2026,,,3
562058,Давыдов Максим Денисович,ИИИ-1-АиСД-2.1,QW1TAY,,,,,0
562178,Капранов Андрей Игоревич,ИИИ-1-АиСД-2.1,andr00-itmo,,,,,0
470112,Ковалева Александра Николаевна,ИИИ-1-АиСД-2.1,Kh-Alexandra,,,,,0
558652,Кузнецова Вера Евгеньевна,ИИИ-1-АиСД-2.1,yourverak,,,,,0
562136,Лисичникова Дарья Витальевна,ИИИ-1-АиСД-2.1,Kr45svm,,,,,0
562185,Лукьянова Мария Павловна,ИИИ-1-АиСД-2.1,Mary2026AK,,,,,0
505440,Митин Артём Михайлович,ИИИ-1-АиСД-2.1,AnonSlayerz,,,,,0
558472,Мощевикин Андрей Алексеевич,ИИИ-1-АиСД-2.1,vtmnt5,,,,,0
562148,Нешатаев Дмитрий Евгеньевич,ИИИ-1-АиСД-2.1,Dima45660,,,,,0
562152,Новиков Ярослав Витальевич,ИИИ-1-АиСД-2.1,Yarik8706,3,14.09.2026,,,3
559668,Павлова София Геннадьевна,ИИИ-1-АиСД-2.1,pavlovass,,,,,0
558153,Поволяев Георгий Романович,ИИИ-1-АиСД-2.1,GeorgiyPovolyaev,,,,,0
562061,Посталюк Денис Андреевич,ИИИ-1-АиСД-2.1,potsd,,,,,0
501960,Прялкова Яна Олеговна,ИИИ-1-АиСД-2.1,yanapry,,,,,0
558746,Пышкина Анжелика Евгеньевна,ИИИ-1-АиСД-2.1,posikunch1k,3,16.09.2026,,,3
558755,Реговской Максим Эдуардович,ИИИ-1-АиСД-2.1,foxedzero,,,,,0
562085,Рычков Гордей Александрович,ИИИ-1-АиСД-2.1,gordeyr,,,,,0
561043,Смирнова Ника Сергеевна,ИИИ-1-АиСД-2.1,Robot-mitski,,,,,0
561480,Турлаков Артемий Иванович,ИИИ-1-АиСД-2.1,YTTYU,3,16.09.2026,,,3
558401,Хмелевский Даниил Витальевич,ИИИ-1-АиСД-2.1,fblugi,,,,,0
558403,Акмуллаев Осман Хайсерович,ИИИ-1-АиСД-2.2,OsmanAkmullaev,,,,,0
562067,Бабков Олег Андреевич,ИИИ-1-АиСД-2.2,babkovoleg6-eng,,,,,0
558357,Беляков Артём Александрович,ИИИ-1-АиСД-2.2,lon122,4,13.09.2026,,,4
558790,Ватутина Анна Андреевна,ИИИ-1-АиСД-2.2,nura8642,3,20.09.2026,,,3
500892,Дани Мох Рахмат ,ИИИ-1-АиСД-2.2,bangdanil642-hash,,,,,0
504925,Дугина Наталия Ярославовна,ИИИ-1-АиСД-2.2,natalidugina,4,14.09.2026,,,4
562156,Зоренко Диана Андреевна,ИИИ-1-АиСД-2.2,tipokokos,4,12.09.2026,,,4
477734,Корчо Ойола Хуан Фелипе ,ИИИ-1-АиСД-2.2,FuanJelipe,4,13.09.2026,,,4
562050,Лагун Филипп Сергеевич,ИИИ-1-АиСД-2.2,Philipp11L,3.5,14.09.2026,,,3.5
562073,Луговая Ксения Александровна,ИИИ-1-АиСД-2.2,ksucq,4,13.09.2026,,,4
558451,Максимов Макар Михайлович,ИИИ-1-АиСД-2.2,MakarMaksimov,4,12.09.2026,,,4
558613,Мясоедов Тимофей Юрьевич,ИИИ-1-АиСД-2.2,myasoedovtim,4,13.09.2026,,,4
512175,Нгуен Куанг Ханг ,ИИИ-1-АиСД-2.2,khangnguyen1811,3.5,12.09.2026,,,3.5
561434,Никифорук Михаил Михайлович,ИИИ-1-АиСД-2.2,PovtoriISday,3,10.09.2026,,,3
504747,Орёл Виктор Игоревич,ИИИ-1-АиСД-2.2,FredAlabaster,3,20.09.2026,,,3
558702,Рогожинский Алексей Янович,ИИИ-1-АиСД-2.2,rjeyskey,3.5,10.09.2026,,,3.5
559431,Савченко Алексей Андреевич,ИИИ-1-АиСД-2.2,lehasovtch-beep,4,11.09.2026,,,4
517371,Томшинский Николай Михайлович,ИИИ-1-АиСД-2.2,tomshhh,3,14.09.2026,,,3
487675,Третьяков Глеб Александрович,ИИИ-1-АиСД-2.2,MrBoomer1981,4,10.09.2026,,,4
558291,Трофимов Илья Артемьевич,ИИИ-1-АиСД-2.2,ilu-shaa,3,10.09.2026,,,3
504749,Чурбанов Михаил Евгеньевич,ИИИ-1-АиСД-2.2,MichaelFaro,,,,,0
558400,Шепелев Гордей Кириллович,ИИИ-1-АиСД-2.2,SuIllja,4,09.09.2026,,,4
562154,Шубин Егор Александрович,ИИИ-1-АиСД-2.2,3aHo3a-git,4,14.09.2026,,,4
562195,Якушков Трофим Антонович,ИИИ-1-АиСД-2.2,trofimyakushkov-coder,4,14.09.2026,,,4
558192,Антонова Ульяна Сергеевна,ИИИ-1-АиСД-2.3,ulitocha,,,,,0
558563,Астраханцев Савелий Сергеевич,ИИИ-1-АиСД-2.3,AstrahantsevSavely,,,,,0
561737,Богданов Никита Денисович,ИИИ-1-АиСД-2.3,nukemen135,,,,,0
558189,Горбачев Леонид Алексеевич,ИИИ-1-АиСД-2.3,Lag-028,,,,,0
558853,Ибраев Эмиль Альбертович,ИИИ-1-АиСД-2.3,metze322,,,,,0
558211,Каган Григорий Максимович,ИИИ-1-АиСД-2.3,Ogre-Mager,,,,,0
558371,Колищук Олеся Юрьевна,ИИИ-1-АиСД-2.3,mistershikolad,,,,,0
561239,Кондрашева Полина Дмитриевна,ИИИ-1-АиСД-2.3,quelsorr,,,,,0
558554,Нарзиев Амирхазрат Илхомович,ИИИ-1-АиСД-2.3,entepp,,,,,0
562077,Овтина Варвара Игоревна,ИИИ-1-АиСД-2.3,varyxx23,,,,,0
561417,Ослин Артур Ильич,ИИИ-1-АиСД-2.3,SixSinScrim,,,,,0
562027,Пашкова Полина Андреевна,ИИИ-1-АиСД-2.3,d3th0r4,,,,,0
561393,Ризванова Лилиана Айратовна,ИИИ-1-АиСД-2.3,lshhsh00,,,,,0
558079,Саблин Георгий Александрович,ИИИ-1-АиСД-2.3,sablingeorge,,,,,0
413058,Сальников Александр Андреевич,ИИИ-1-АиСД-2.3,Burnt-out,,,,,0
558058,Сидельников Егор Дмитриевич,ИИИ-1-АиСД-2.3,Egor137-YaJ,,,,,0
558941,Соболев Ярослав Алексеевич,ИИИ-1-АиСД-2.3,InfinitySIA,,,,,0
467551,Соловьев Матвей Михайлович,ИИИ-1-АиСД-2.3,m0tbka,,,,,0
561738,Султанов Саид Фирузович,ИИИ-1-АиСД-2.3,Wolf-of-MH-st,,,,,0
558576,Толочко Никита Михайлович,ИИИ-1-АиСД-2.3,Nitospb,,,,,0
500881,Хмелевский Владимир Сергеевич,ИИИ-1-АиСД-2.3,MrW0Wa,,,,,0
558584,Чиргина Евгения Петровна,ИИИ-1-АиСД-2.3,burmaldy,,,,,0
561435,Шишпаренок Евгений Константинович,ИИИ-1-АиСД-2.3,JohnnyShish,,,,,0
561927,Шмерлинг Максим Кириллович,ИИИ-1-АиСД-2.3,smerlingmaksim-dot,,,,,0
558738,Абдуллина Анфиса Ринатовна,ИИИ-1-АиСД-2.4,Anfisari,,,,,0
558770,Ангелов Артур Евгениевич,ИИИ-1-АиСД-2.4,l0l1ksss,,,,,0
561220,Баталов Мустафа Ильгамович,ИИИ-1-АиСД-2.4,Mustafa391,,,,,0
558813,Габитова Алсу Марсельевна,ИИИ-1-АиСД-2.4,alsugabitova,,,,,0
561945,Гродик Иван Петрович,ИИИ-1-АиСД-2.4,study271828mail-eng,,,,,0
558724,Завиваева Мария Олеговна,ИИИ-1-АиСД-2.4,mashven,,,,,0
558138,Кожокару Денис Виржилиевич,ИИИ-1-АиСД-2.4,Deniska5252,,,,,0
561637,Кондукторов Иван Вадимович,ИИИ-1-АиСД-2.4,Minakts,,,,,0
558722,Корчма Софья Александровна,ИИИ-1-АиСД-2.4,sonchjck,,,,,0
562165,Крошка Кирилл Андреевич,ИИИ-1-АиСД-2.4,KESHAkk,,,,,0
558928,Куликов Владимир Павлович,ИИИ-1-АиСД-2.4,Inthelid,,,,,0
558238,Лукьянец Дмитрий Владимирович,ИИИ-1-АиСД-2.4,Dimaloprs,,,,,0
558187,Лукьянов Михаил Викторович,ИИИ-1-АиСД-2.4,postdz676-wq,,,,,0
561184,Наимов Назар Фарходович,ИИИ-1-АиСД-2.4,mr-printrr,,,,,0
558073,Первухина Софья Евгеньевна,ИИИ-1-АиСД-2.4,sfk-coder112,,,,,0
562180,Подосочный Тимофей Вадимович,ИИИ-1-АиСД-2.4,tpodosocnyj-collab,,,,,0
558787,Сахибов Холмухаммад Фирдавсович,ИИИ-1-АиСД-2.4,Myhammadsak,,,,,0
558477,Смирнова Ксения Романовна,ИИИ-1-АиСД-2.4,Ecliptolace,,,,,0
558334,Тюшов Михаил Андреевич,ИИИ-1-АиСД-2.4,mikeMT12,,,,,0
562056,Филоненко Даниил Вадимович,ИИИ-1-АиСД-2.4,aspeeeee,,,,,0
560926,Харитонов Николай Вениаминович,ИИИ-1-АиСД-2.4,niiikol4ik,,,,,0
561294,Хаткевич Макс Константинович,ИИИ-1-АиСД-2.4,oulenmax-droid,,,,,0
561344,Щукин Сергей Алексеевич,ИИИ-1-АиСД-2.4,F0reveru,,,,,0
561364,Абросимов Иван Игоревич,ИИИ-1-АиСД-3.1,Umbrajke,,,,,0
558059,Бабкин Никита Андреевич,ИИИ-1-АиСД-3.1,i9kit,5,13.09.2026,,,5
558366,Богданов Альберт Азатович,ИИИ-1-АиСД-3.1,itbert,,,,,0
558730,Елгина Алиса Андреевна,ИИИ-1-АиСД-3.1,ElginaAlisa,,,,,0
558213,Иванов Вадим Вацлавович,ИИИ-1-АиСД-3.1,Naramatsunagi,,,,,0
558806,Максимов Владислав Максимович,ИИИ-1-АиСД-3.1,rakuszan,,,,,0
558244,Мартемьянов Максим Александрович,ИИИ-1-АиСД-3.1,Mayamkaaa-ITMO,,,,,0
559012,Матохин Артём Андреевич,ИИИ-1-АиСД-3.1,dylorone,5,17.09.2026,,,5
561341,Мельник Никита Русланович,ИИИ-1-АиСД-3.1,nikimel3321,,,,,0
558263,Михайлов Андрей Романович,ИИИ-1-АиСД-3.1,barmaley000,,,,,0
561207,Муртазин Артур Рустамович,ИИИ-1-АиСД-3.1,Pirozhochniy,,,,,0
558938,Накашидзе Степан Ильич,ИИИ-1-АиСД-3.1,rggOIJrjoiioj,,,,,0
558147,Николаев Артур Сергеевич,ИИИ-1-АиСД-3.1,GTGAMESTUDIO,,,,,0
558117,Петричак Пётр Петрович,ИИИ-1-АиСД-3.1,YNWDamn,,,,,0
558142,Пугачёв Кирилл Алексеевич,ИИИ-1-АиСД-3.1,maikl6382,,,,,0
560994,Санникова Анастасия Максимовна,ИИИ-1-АиСД-3.1,nsns27,,,,,0
480320,Смолова Анастасия Андреевна,ИИИ-1-АиСД-3.1,stacsy08-eng,,,,,0
561508,Хиневич Владислав Викторович,ИИИ-1-АиСД-3.1,fearfuls7,,,,,0
562078,Чертков Иван Сергеевич,ИИИ-1-АиСД-3.1,ivanchertkov07-tech,,,,,0
558517,Щербакова Татьяна Юрьевна,ИИИ-1-АиСД-3.1,sherbjijcfs,,,,,0
561436,Юй Алиса Вячеславовна,ИИИ-1-АиСД-3.1,ujalisa783-hue,,,,,0
512836,Агеев Александр Владимирович,ИИИ-1-АиСД-3.2,lazysus,,,,,0
558731,Басгаль Полина Павловна,ИИИ-1-АиСД-3.2,basgalpolya,,,,,0
561404,Борзенко Артём Вадимович,ИИИ-1-АиСД-3.2,AR-Tif4ct,,,,,0
558615,Величко Никита Сергеевич,ИИИ-1-АиСД-3.2,k1board,,,,,0
558614,Глушанок Элина Данииловна,ИИИ-1-АиСД-3.2,ElinaGlushanok,,,,,0
561370,Израйлева Диана Александровна,ИИИ-1-АиСД-3.2,dianaizr,,,,,0
561972,Кириллова Анастасия Павловна,ИИИ-1-АиСД-3.2,nakipa22,,,,,0
558278,Легкий Максим Борисович,ИИИ-1-АиСД-3.2,SuperTsario,,,,,0
470248,Мулюкова Амалия Абдувахидовна,ИИИ-1-АиСД-3.2,amalia-m,,,,,0
490429,Нагибина Арина Николаевна,ИИИ-1-АиСД-3.2,Hissa67,,,,,0
558532,О Андрей Дмитриевич,ИИИ-1-АиСД-3.2,Osha-Andrey,,,,,0
558296,Петрашев Даниил Алексеевич,ИИИ-1-АиСД-3.2,Betelgeuse5,,,,,0
562174,Потеряев Данила Александрович,ИИИ-1-АиСД-3.2,danilapoteryaev-ops,,,,,0
561989,Савичев Алексей Андреевич,ИИИ-1-АиСД-3.2,AlekseySavichev,,,,,0
558695,Семоха Степан Юрьевич,ИИИ-1-АиСД-3.2,stepan1489,,,,,0
558622,Смирнов Кирилл Евгеньевич,ИИИ-1-АиСД-3.2,arsiboats-svg,,,,,0
561521,Соколов Николай Мирославич,ИИИ-1-АиСД-3.2,YATOROTOKIO,,,,,0
558060,Суздалев Михаил Сергеевич,ИИИ-1-АиСД-3.2,ABRAMOVI4CH,,,,,0
561371,Турчинский Савелий Валерьевич,ИИИ-1-АиСД-3.2,qwe5n,,,,,0
561822,Удалов Юрий Олегович,ИИИ-1-АиСД-3.2,yundzi,,,,,0
561979,Филиппов Максим Иванович,ИИИ-1-АиСД-3.2,filips20083-cpu,,,,,0
558140,Филиппов Семён Сергеевич,ИИИ-1-АиСД-3.2,reskeee,,,,,0
561348,Финогенова Милослава Олеговна,ИИИ-1-АиСД-3.2,mila1487,,,,,0
558739,Черданцев Артём Денисович,ИИИ-1-АиСД-3.2,Envy52-Deep,,,,,0
561083,Андрианов Вячеслав Валерьевич,ИИИ-1-АиСД-3.3,Parsifal-KQ,,,,,0
558433,Быков Егор Михайлович,ИИИ-1-АиСД-3.3,Egor504450,,,,,0
501807,Ваневская Александра Андреевна,ИИИ-1-АиСД-3.3,atailadya,,,,,0
561910,Гусев Роман Русланович,ИИИ-1-АиСД-3.3,loath1ng,,,,,0
558456,Дейкин Егор Дмитриевич,ИИИ-1-АиСД-3.3,hoarahlowx,,,,,0
561994,Икрамов Далер Шухратович,ИИИ-1-АиСД-3.3,Daler321,,,,,0
561996,Комлохин Илья Сергеевич,ИИИ-1-АиСД-3.3,qwerty123222312,,,,,0
558766,Кротков Эльдар Сергеевич,ИИИ-1-АиСД-3.3,krotkoves,,,,,0
561745,Кумыков Ислам Муратович,ИИИ-1-АиСД-3.3,developernova,,,,,0
561545,Музюков Роман Дмитриевич,ИИИ-1-АиСД-3.3,Grubee23,,,,,0
561522,Овчинников Егор Александрович,ИИИ-1-АиСД-3.3,hotabic4,,,,,0
558078,Осетров Ярослав Дмитриевич,ИИИ-1-АиСД-3.3,PlootoNX,,,,,0
500531,Подымова Полина Сергеевна,ИИИ-1-АиСД-3.3,rinkanwaiyada,,,,,0
562191,Пресняк Алексей Денисович,ИИИ-1-АиСД-3.3,ALeXBarcaFan,,,,,0
561280,Савин Пётр Александрович,ИИИ-1-АиСД-3.3,Savva1234311,,,,,0
562147,Семченко Иван Павлович,ИИИ-1-АиСД-3.3,0Aqua0,,,,,0
561992,Собиров Руслан Салохиддинович,ИИИ-1-АиСД-3.3,soso322,,,,,0
562177,Солтанов Иса Илхамович,ИИИ-1-АиСД-3.3,sltis,,,,,0
559008,Степанов Егор Андреевич,ИИИ-1-АиСД-3.3,Egor1212spec,3,17.09.2026,,,3
561460,Сухочева Мария Владимировна,ИИИ-1-АиСД-3.3,mashasuh,,,,,0
558591,Тюкин Иван Андреевич,ИИИ-1-АиСД-3.3,IvanATyukin,,,,,0
558515,Умников Сергей Дмитриевич,ИИИ-1-АиСД-3.3,grey7airlines,,,,,0
558531,Частоедов Иван Дмитриевич,ИИИ-1-АиСД-3.3,ergiowI,,,,,0
466026,Андреа Иглесиас Мартинес,ИИИ-1-АиСД-3.4,andyigle27,,,,,0
558226,Андрианов Артём Дмитриевич,ИИИ-1-АиСД-3.4,artemdmitrievich,3,17.09.2026,,,3
558307,Бабоев Амир Казимович,ИИИ-1-АиСД-3.4,baboika28-oss,,,,,0
561871,Бовичев Михаил Олегович,ИИИ-1-АиСД-3.4,Mishkaaaaaa3,3,17.09.2026,,,3
561405,Бурамбаева Дарина Адыльбековна,ИИИ-1-АиСД-3.4,bloop47,,,,,0
558785,Гнидец Егор Иванович,ИИИ-1-АиСД-3.4,EgorGn,3,17.09.2026,,,3
561664,Елембаев-Беломорских Роман Евгеньевич,ИИИ-1-АиСД-3.4,Sub-Zerro,4,17.09.2026,,,4
561982,Живыло Станислав Эдуардович,ИИИ-1-АиСД-3.4,GlitchVerse1,,,,,0
504750,Исаков Роман Алексеевич,ИИИ-1-АиСД-3.4,RomaIsakov,,,,,0
560999,Камалдинова Елизавета Дмитриевна,ИИИ-1-АиСД-3.4,zrds987n2n-web,,,,,0
561509,Кулимин Артём Юрьевич,ИИИ-1-АиСД-3.4,artemlulimin09-droid,,,,,0
561929,Масич Александр Николаевич,ИИИ-1-АиСД-3.4,tookiners,,,,,0
561021,Паньков Марк Кириллович,ИИИ-1-АиСД-3.4,marikas0507-create,,,,,0
558308,Сафонов Вадим Сергеевич,ИИИ-1-АиСД-3.4,vadimfromITMO,3,16.09.2026,,,3
559041,Сидоров Максим Аркадьевич,ИИИ-1-АиСД-3.4,maxsidorov,3,17.09.2026,,,3
558522,Сильченко Владислав Андреевич,ИИИ-1-АиСД-3.4,itzsilch,,,,,0
558857,Соколов Артём Дмитриевич,ИИИ-1-АиСД-3.4,ghostpieces,,,,,0
558297,Соловьев Сергей Дмитриевич,ИИИ-1-АиСД-3.4,ssdrobotics,3,17.09.2026,,,3
504528,Степанов Владислав Эдуардович,ИИИ-1-АиСД-3.4,mell-7,,,,,0
561658,Страхов Максим Андреевич,ИИИ-1-АиСД-3.4,k2wz,,,,,0
505012,Труфанов Никита Андреевич,ИИИ-1-АиСД-3.4,CVE-2017-0144,,,,,0
559105,Шеин Георгий Сергеевич,ИИИ-1-АиСД-3.4,cr1zy0,3,16.09.2026,,,3
505278,Ярошенко Виталий Эдуардович,ИИИ-1-АиСД-3.4,kveerkveer,,,,,0